No GDC/Variable needs to be added to the dictionary before uploaded to Gen3,"Variable part of GDC. If haromized, it will also be this color",Not harmonized. Represents critical variables,,,,,VIS?,
Visit Status,,,Is it crit?,GDC Standard (property),category,node,Harmonized?,
visitnd,How is/was follow-up information collected on the subject?,"1, In person visit| 5, Tele-visit <font color=""green""><b>(In lieu of in person visit due to COVID-19, etc.)</b></font> | 2, Phone call follow-up <font color=""red""><b>(Missed Visit)</b></font> | 3, Medical Record follow-up <font color=""red""><b>(Missed Visit)</b></font> | 4, No follow-up information was collected for this visit",,,,,,
missed_visit,Reason for missed visit:,"1, Study staff could not reach subject | 2, Subject refused the follow-up | 3, Subject was a no-show | 888, Other",,,,,,
missed_visit_oth,Please describe the other reason for this missed visit.,,,,,,,
visitdat,Visit Date,,Critical,No GDC Standard,,,,
visitalcyn,1. Is the patient currently drinking alcohol?,"1, Yes | 0, No | 777, Unknown | 3, N/A",,,,,,
visitdthyn,2. Is the patient still living?,"1, Yes | 0, No | 777, Unknown",,,,,,
missedvisit_newmeds,"Have you started any new medication(s) or had any changes to current medication(s) since your last visit?

(If a medical record follow-up, please indicate whether or not there were changes to the subject's concomitant medications since their last visit.)","1, Yes | 0, No | 999, Refused to answer",,,,,,
Medical Information,,,,,,,,
medinfond,Was medical information collected this visit?,"1, Yes | 0, No",,,,,,
medinf_source,Method of data collection,"1, Paper CRF to be entered in REDCap | 2, Direct data entry into REDCap (No paper CRF)",,,,,,
ascyn,Ascites,"1, Yes | 0, No | 999, <font color=""red""><b>Missing</b></font>",Critical,No GDC Standard- ASCIT_PRST_STAT,,,,
ascdat_m,Month of last diagnosis,"1,1 | 2,2 | 3,3 | 4,4 | 5,5 | 6,6 | 7,7 | 8,8 | 9,9 | 10,10 | 11,11 | 12,12 | 13,Winter | 14,Spring | 15, Summer |16, Fall | 777, Unknown",Critical,,,,,
ascdat_d,Day of last diagnosis,"1,1 | 2,2 | 3,3 | 4,4 | 5,5 | 6,6 | 7,7 | 8,8 | 9,9 | 10,10 | 11,11 | 12,12 | 13,13 | 14,14 | 15,15 | 16,16 | 17,17 | 18,18 | 19,19 | 20,20 | 21,21 | 22,22 | 23,23 | 24,24 | 25,25 | 26,26 | 27,27 | 28,28 | 29,29 | 30,30 | 31,31 | 777, Unknown",Critical,,,,,
ascdat_y,Year of last diagnosis,,Critical,,,,,
hepenyn,"Spontaneous Hepatic Encephalopathy
(grade 2 or higher)","1, Yes | 0, No | 999, <font color=""red""><b>Missing</b></font>",Critical,,,,,
hependat_m,Month of last diagnosis,"1,1 | 2,2 | 3,3 | 4,4 | 5,5 | 6,6 | 7,7 | 8,8 | 9,9 | 10,10 | 11,11 | 12,12 | 13,Winter | 14,Spring | 15, Summer |16, Fall | 777, Unknown",Critical,,,,,
hependat_d,Day of last diagnosis,"1,1 | 2,2 | 3,3 | 4,4 | 5,5 | 6,6 | 7,7 | 8,8 | 9,9 | 10,10 | 11,11 | 12,12 | 13,13 | 14,14 | 15,15 | 16,16 | 17,17 | 18,18 | 19,19 | 20,20 | 21,21 | 22,22 | 23,23 | 24,24 | 25,25 | 26,26 | 27,27 | 28,28 | 29,29 | 30,30 | 31,31 | 777, Unknown",Critical,,,,,
hependat_y,Year of last diagnosis,,Critical,,,,,
varyn,Moderate/Large Varices or Bleeding from Varices,"1, Yes | 0, No | 999, <font color=""red""><b>Missing</b></font>",Critical,,,,,
vardat_m,Month of last diagnosis,"1,1 | 2,2 | 3,3 | 4,4 | 5,5 | 6,6 | 7,7 | 8,8 | 9,9 | 10,10 | 11,11 | 12,12 | 13,Winter | 14,Spring | 15, Summer |16, Fall | 777, Unknown",Critical,,,,,
vardat_d,Day of last diagnosis,"1,1 | 2,2 | 3,3 | 4,4 | 5,5 | 6,6 | 7,7 | 8,8 | 9,9 | 10,10 | 11,11 | 12,12 | 13,13 | 14,14 | 15,15 | 16,16 | 17,17 | 18,18 | 19,19 | 20,20 | 21,21 | 22,22 | 23,23 | 24,24 | 25,25 | 26,26 | 27,27 | 28,28 | 29,29 | 30,30 | 31,31 | 777, Unknown",Critical,,,,,
vardat_y,Year of last diagnosis,,Critical,,,,,
hepcaryn,"Hepatocellular Carcinoma (HCC, Primary Liver Cancer)","1, Yes | 0, No | 999, <font color=""red""><b>Missing</b></font>",Critical,,,,,
hepcardat_m,Month of last diagnosis,"1,1 | 2,2 | 3,3 | 4,4 | 5,5 | 6,6 | 7,7 | 8,8 | 9,9 | 10,10 | 11,11 | 12,12 | 13,Winter | 14,Spring | 15, Summer |16, Fall | 777, Unknown",Critical,,,,,
hepcardat_d,Day of last diagnosis,"1,1 | 2,2 | 3,3 | 4,4 | 5,5 | 6,6 | 7,7 | 8,8 | 9,9 | 10,10 | 11,11 | 12,12 | 13,13 | 14,14 | 15,15 | 16,16 | 17,17 | 18,18 | 19,19 | 20,20 | 21,21 | 22,22 | 23,23 | 24,24 | 25,25 | 26,26 | 27,27 | 28,28 | 29,29 | 30,30 | 31,31 | 777, Unknown",Critical,,,,,
hepcardat_y,Year of last diagnosis,,Critical,,,,,
livtnsplyn,Liver Transplant,"1, Yes | 0, No | 999, <font color=""red""><b>Missing</b></font>",Critical,,,,,
livtnspldat_m,Month of transplant,"1,1 | 2,2 | 3,3 | 4,4 | 5,5 | 6,6 | 7,7 | 8,8 | 9,9 | 10,10 | 11,11 | 12,12 | 13,Winter | 14,Spring | 15, Summer |16, Fall | 777, Unknown",Critical,,,,,
livtnspldat_d,Day of transplant,"1,1 | 2,2 | 3,3 | 4,4 | 5,5 | 6,6 | 7,7 | 8,8 | 9,9 | 10,10 | 11,11 | 12,12 | 13,13 | 14,14 | 15,15 | 16,16 | 17,17 | 18,18 | 19,19 | 20,20 | 21,21 | 22,22 | 23,23 | 24,24 | 25,25 | 26,26 | 27,27 | 28,28 | 29,29 | 30,30 | 31,31 | 777, Unknown",Critical,,,,,
livtnspldat_y,Year of transplant,,Critical,,,,,
lvbpsyyn_bl,Has the patient had a liver biopsy in the last two years?,"1, Yes | 0, No | 88, Don't know | 999, <font color=""red""><b>Missing</b></font>",,,,,,
lvbpsyyn,Has the patient had a liver biopsy since the last visit?,"1, Yes | 0, No | 88, Don't know | 999, <font color=""red""><b>Missing</b></font>",,,,,,
lvbpsydat_m,Month of biopsy,"1,1 | 2,2 | 3,3 | 4,4 | 5,5 | 6,6 | 7,7 | 8,8 | 9,9 | 10,10 | 11,11 | 12,12 | 13,Winter | 14,Spring | 15, Summer |16, Fall | 777, Unknown",,,,,,
lvbpsydat_d,Day of biopsy,"1,1 | 2,2 | 3,3 | 4,4 | 5,5 | 6,6 | 7,7 | 8,8 | 9,9 | 10,10 | 11,11 | 12,12 | 13,13 | 14,14 | 15,15 | 16,16 | 17,17 | 18,18 | 19,19 | 20,20 | 21,21 | 22,22 | 23,23 | 24,24 | 25,25 | 26,26 | 27,27 | 28,28 | 29,29 | 30,30 | 31,31 | 777, Unknown",,,,,,
lvbpsydat_y,Year of biopsy,,,,,,,
livbpsysit,Where was the biopsy performed?,"1, On site | 2, Off site | 3, Don't know | 999, <font color=""red""><b>Missing</b></font>",,,,,,
livbpsystboth,"If offsite, please specify the facility where it was performed:",,,,,,,
med001,Diuretics (Please list on the Concomitant Medication form),"1, Yes | 0, No | 999, <font color=""red""><b>Missing</b></font>",,,,,,
med002,Lactulose (Please list on the Concomitant Medication form),"1, Yes | 0, No | 999, <font color=""red""><b>Missing</b></font>",,,,,,
med003,Antibiotics (Please list on the Concomitant Medication form),"1, Yes | 0, No | 999, <font color=""red""><b>Missing</b></font>",,,,,,
med004,Steroids (Please list on the Concomitant Medication form),"1, Yes | 0, No | 999, <font color=""red""><b>Missing</b></font>",,,,,,
med005,Pentoxifylline (Please list on the Concomitant Medication form),"1, Yes | 0, No | 999, <font color=""red""><b>Missing</b></font>",,,,,,
med006,SAMe (Please list on the Concomitant Medication form),"1, Yes | 0, No | 999, <font color=""red""><b>Missing</b></font>",,,,,,
med007,Milk Thistle (Please list on the Concomitant Medication form),"1, Yes | 0, No | 999, <font color=""red""><b>Missing</b></font>",,,,,,
med008,Other Supplements (Please list on the Concomitant Medication form),"1, Yes | 0, No | 999, <font color=""red""><b>Missing</b></font>",,,,,,
Anthropometrics Measures,,,,,,,,
anthrond,Were any anthropometric measurements collected this visit?,"1, Yes | 0, No",,,,,,
anthro001nd,Check if waist circumference (at the umbilicus) was not measured,"999, Not Done",,,,,,
anthro001,Waist circumference (at the umbilicus),,,,,,,
anthro002nd,Check if waist circumference (at largest diameter) was not measured,"999, Not Done",,,,,,
anthro002,Waist circumference (at largest diameter),,,,,,,
anthro003nd,Check if hip circumference was not measured,"999, Not Done",,,,,,
anthro003,Hip circumference,,,,,,,
anthro004nd,Check if wrist circumference was not measured,"999, Not Done",,,,,,
anthro004,Wrist circumference,,,,,,,
anthro005nd,Check if forearm circumference was not measured,"999, Not Done",,,,,,
anthro005,Forearm circumference,,,,,,,
anthro005a,Arm used,"1, Left | 2, Right",,,,,,
anthro006nd,Check if mid-upper arm circumference (between shoulder and elbow) was not measured,"999, Not Done",,,,,,
anthro006,Mid-upper arm circumference (between shoulder and elbow),,,,,,,
anthro006a,Arm used,"1, Left | 2, Right",,,,,,
medinf_sourcedat,Date of Entry,,,,,,,
medinf_sourcesig,<font size='3' color='red'>Completed by Signature</font>,,,,,,,
Liver Disease Scoring,,,,,,,,
liverdisnd,Were liver disease scores collected this visit?,"1, Yes | 0, No",,,,,,
liver_source,Method of data collection,"1, Paper CRF to be entered in REDCap | 2, Direct data entry into REDCap (No paper CRF)",,,,,,
liverdatyn,Was the liver disease scoring information collected on a date different than the visit date?,"1, Yes|0, No",,,,,,
liverdat,Date of liver disease scoring,,Critical,No GDC Standard,"Ask Wanzhu about whether this should be considered labs like AST/ALT, etc.",,,
meld,Meld Score,,Critical,No GDC Standard,,,,
cps,Child-Pugh Score,,,,,,,
dialysis,Has the patient had dialysis at least twice in the past week?,"1, Yes | 0, No | 999, <font color=""red""><b>Missing</b></font>",,,,,,
liver_sourcedat,Date of Entry,,,,,,,
liver_sourcesig,<font size='3' color='red'>Completed by Signature</font>,,,,,,,
Vital Signs,,,,,,,,
vitalsignsnd,Were vital signs collected this visit?,"1, Yes | 0, No",,,,,,
vitals_source,Method of data collection,"1, Paper CRF to be entered in REDCap | 2, Direct data entry into REDCap (No paper CRF)",,,,,,
weightnd,Check if Body Weight was not collected.,"999, Not Done",,,,,,
weight,Body Weight (indoor clothing with shoes off),,Critical,weight,clinical,follow-up,,
bmind,Check if BMI was not collected.,"999, Not Done",,,,,,
bmi,BMI,,Critical,bmi,clinical,follow-up,,
tempnd,Check if Temperature was not collected.,"999, Not Done",,,,,,
temp,Temperature,,,,,,,
bpnd,Check if Blood Pressure was not collected.,"999, Not Done",,,,,,
sysbp,Blood Pressure (sitting) - syst,,,,,,,
diabp,Blood Pressure (sitting) - diast,,,,,,,
pulsend,Check if Pulse was not collected.,"999, Not Done",,,,,,
pulse,Pulse (sitting),,,,,,,
respnd,Check if Respiration was not collected.,"999, Not Done",,,,,,
resp,Respiration,,,,,,,
vitals_sourcedat,Date of Entry,,,,,,,
vitals_sourcesig,<font size='3' color='red'>Completed by Signature</font>,,,,,,,
Standard of Care Procedures,,,,,,,,
socnd,Was standard of care procedure information collected this visit?,"1, Yes | 0, No",,,,,,
infscreennd,Was an Infection Screen performed as a Standard of Care procedure?,"1, Yes | 0, No",Critical,,,,,
infscreen_date,Date of Infection Screen,,Critical,,,,,
socisbcnd,Check if a blood culture was not done.,"999, Not Done",Critical,,,,,
socisbc,1. Blood Culture,"1, Positive | 0, Negative | 999, <font color=""red""><b>Missing</b></font>",Critical,,,,,
socisbc_pos,Blood culture - Organinism(s) growth:,,Critical,,,,,
socisbcdat,Date of blood culture,,Critical,,,,,
socisucnd,Check if urine culture was not done.,"999, Not Done",Critical,,,,,
socisuc,2. Urine Culture,"1, Positive | 0, Negative | 999, <font color=""red""><b>Missing</b></font>",Critical,,,,,
socisuc_pos,Urine culture - Organinism(s) growth:,,Critical,,,,,
socisucdat,Date of urine culture,,Critical,,,,,
soicuc_fung,"2a. Is the urine culture positive for a fungal culture with >50,000 colonies/mL?","1, Yes | 2, No; Positive fungal culture ?50,000 colonies/mL | 3, No; Positive for other organisms only | 999, <font color=""red""><b>Missing</b></font>",Critical,,,,,
socisacnd,Check if an ascites culture was not done.,"999, Not Done",Critical,,,,,
socisac,3. Ascites Culture,"1, Positive | 0, Negative | 999, <font color=""red""><b>Missing</b></font>",Critical,,,,,
socisac_pos,Ascites culture - Organinism(s) growth:,,Critical,,,,,
socisacdat,Date of ascites culture,,Critical,,,,,
xraynd,Was x-ray information gathered during this visit?,"1, Yes | 0, No",,,,,,
imagyn,4. Has the patient received a chest X-Ray in the last 4 weeks?,"1, Yes | 0, No | 999, <font color=""red""><b>Missing</b></font>",,,,,,
xraydat,Date of x-ray:,,,,,,,
imaginfl,4a. Are there infiltrates noted?,"1, Yes | 0, No | 999, <font color=""red""><b>Missing</b></font>",,,,,,
imaginfl_imp,4aa. List impression,,,,,,,
imagpleu,4b. Pleural effusion,"1, Yes | 0, No | 999, <font color=""red""><b>Missing</b></font>",,,,,,
imagnorm,4c. Was the scan normal?,"1, Yes | 0, No | 999, <font color=""red""><b>Missing</b></font>",,,,,,
imagnotes,4d. Additional findings,,,,,,,
endond,Was an Endoscopy done as a Standard of Care procedure?,"1, Yes | 0, No",Critical,procedures_performed,clinical,follow-up,,
endodat,Date of endoscopy,,Critical,procedures_performed,clinical,follow-up,,
endovaryn,"5. Are varices present? If yes, please check all locations.","1, Esophageal|2, Gastric|3, None present",Critical,No GDC Standard,,,,
endovarsiz_esoph,Esophageal varices size,"1, Small | 2, Medium | 3, Large | 999, <font color=""red""><b>Missing</b></font>",Critical,No GDC Standard,,,,
endobled_esoph,Signs of recent bleeding from the esophageal varices?,"1, Yes | 0, No | 999, <font color=""red""><b>Missing</b></font>",Critical,No GDC Standard,,,,
endovarsiz_gast,Gastric varices size,"1, Small | 2, Medium | 3, Large | 999, <font color=""red""><b>Missing</b></font>",Critical,No GDC Standard,,,,
endobled_gast,Signs of recent bleeding from the gastric varices?,"1, Yes | 0, No | 999, <font color=""red""><b>Missing</b></font>",Critical,No GDC Standard,,,,
porthypsev,6. Portal hypertensive gastropathy?,"1, Yes, Mild | 2, Yes, Moderate | 3, Yes, Severe | 5, Yes, Unknown severity | 4, None | 999, <font color=""red""><b>Missing</b></font>",Critical,No GDC Standard,,,,
endoulcyn,"7. Ulcer or erosions present? If yes, please check all locations.","1, Esophageal | 2, Stomach | 3, Duodenum | 4, None present",Critical,No GDC Standard,,,,
endoulcsiz_esoph,Esophageal ulcer or erosion size,"1, Small | 2, Medium | 3, Large | 999, <font color=""red""><b>Missing</b></font>",Critical,No GDC Standard,,,,
endoulcbled_esoph,Signs of recent bleeding from the esophageal ulcur or erosion?,"1, Yes | 0, No | 999, <font color=""red""><b>Missing</b></font>",Critical,No GDC Standard,,,,
endoulcsiz_gast,Gastric ulcer or erosion size,"1, Small | 2, Medium | 3, Large | 999, <font color=""red""><b>Missing</b></font>",Critical,No GDC Standard,,,,
endoulcbled_gast,Signs of recent bleeding from the gastric ulcer or erosion?,"1, Yes | 0, No | 999, <font color=""red""><b>Missing</b></font>",Critical,No GDC Standard,,,,
endoulcsiz_duod,Duodenum ulcer or erosion size,"1, Small | 2, Medium | 3, Large | 999, <font color=""red""><b>Missing</b></font>",Critical,No GDC Standard,,,,
endoulcbled_duod,Signs of recent bleeding from the duodenal ulcer or erosion?,"1, Yes | 0, No | 999, <font color=""red""><b>Missing</b></font>",Critical,No GDC Standard,,,,
fibrond,Was a Fibroscan done as a Standard of Care procedure?,"1, Yes | 0, No",,,,,,
fibrodat,Date of fibroscan,,,,,,,
fibrocapmed,8. Cap Median,,,,,,,
fibroiqrcap,9. IQR for CAP,,,,,,,
fibroe,10. E,,,,,,,
fibroiqre,11. IQR/med for E%,,,,,,,
fibroprobe,12. Probe size used during exam:,"1, M | 0, XL | 999, <font color=""red""><b>Missing</b></font>",,,,,,
fibrovaldnum,13. Valid measurements number,,,,,,,
fibrototnum,14. Total measurements number,,,,,,,
imagothyn,Were any other imaging tests done on the liver or abdomen?,"1, Yes | 2, No",,,,,,
imagtype,Type of imaging,"1, Ultrasound | 2, CT | 3, MRI | 888, Other",,,,,,
imagoth001dat,Date of imaging:,,,,,,,
imagoth001a,Normal or Abnormal?,"1, Normal | 2, Abnormal | 999, <font color=""red""><b>Missing</b></font>",,,,,,
imagoth001b,Clinically significant?,"1, Yes | 0, No | 999, <font color=""red""><b>Missing</b></font>",,,,,,
imagoth001c,Overall findings/impression,,,,,,,
imagoth002dat,Date of imaging:,,,,,,,
imagoth002a,Normal or Abnormal?,"1, Normal | 2, Abnormal | 999, <font color=""red""><b>Missing</b></font>",,,,,,
imagoth002b,Clinically significant?,"1, Yes | 0, No | 999, <font color=""red""><b>Missing</b></font>",,,,,,
imagoth002c,Overall findings/impression,,,,,,,
imagoth003dat,Date of imaging:,,,,,,,
imagoth003a,Normal or Abnormal?,"1, Normal | 2, Abnormal | 999, <font color=""red""><b>Missing</b></font>",,,,,,
imagoth003b,Clinically significant?,"1, Yes | 0, No | 999, <font color=""red""><b>Missing</b></font>",,,,,,
imagoth003c,Overall findings/impression,,,,,,,
imagoth004dat,Date of imaging:,,,,,,,
imagoth004a,Specify the other type of imaging:,,,,,,,
imagoth004b,Normal or Abnormal?,"1, Normal | 2, Abnormal | 999, <font color=""red""><b>Missing</b></font>",,,,,,
imagoth004c,Clinically significant?,"1, Yes | 0, No | 999, <font color=""red""><b>Missing</b></font>",,,,,,
imagoth004d,Overall findings/impression,,,,,,,
Physical Exam,,,,,,,,
peyn,Was physical exam information collected for this visit?,"1, Yes | 0, No",,,,,,
pe_source,Method of data collection,"1, Paper CRF to be entered in REDCap | 2, Direct data entry into REDCap (No paper CRF)",,,,,,
pemedrec,Was the physical examination information obtained from medical records?,"1, Yes | 0, No",,,,,,
pedat,"If different from visit date, indicate date of Physical Examination",,,,,,,
peapp,1. General Appearance,"1, Normal|2, Abnormal|999, Not Done",,,,,,
peappabn,"If general appearance is abnormal, please specify:",,,,,,,
peskin,2. Skin,"1, Normal|2, Abnormal|999, Not Done",,,,,,
peskinabn,"If skin is abnormal, please specify:",,,,,,,
peskinjaund,2a. Jaundice,"1, Yes | 0, No | 999, <font color=""red""><b>Missing</b></font>",,,,,,
pehead,"3. Head, Eyes, Ears, Nose, Throat","1, Normal|2, Abnormal|999, Not Done",,,,,,
peheadabn,"If head, eyes, ears, nose, and/or throat are abnormal, please specify:",,,,,,,
peheadjaund,3a. Jaundice,"1, Yes | 0, No | 999, <font color=""red""><b>Missing</b></font>",,,,,,
peneck,4. Neck,"1, Normal | 2, Abnormal | 999, Not Done",,,,,,
peneckabn,"If neck is abnormal, please specify:",,,,,,,
peneckjaund,4a. Jaundice,"1, Yes | 0, No | 999, <font color=""red""><b>Missing</b></font>",,,,,,
peln,5. Lymph Nodes,"1, Normal | 2, Abnormal | 999, Not Done",,,,,,
pelnabn,"If lymph nodes are abnormal, please specify:",,,,,,,
pechest,6. Chest/Respiratory,"1, Normal | 2, Abnormal | 999, Not Done",,,,,,
pechestabn,"If chest is abnormal, please specify:",,,,,,,
peheart,7. Heart/Cardiovascular,"1, Normal | 2, Abnormal | 999, Not Done",,,,,,
peheartabn,"If heart is abnormal, please specify:",,,,,,,
peabd,8. Abdomen (incl. liver examination),"1, Normal|2, Abnormal|999, Not Done",,,,,,
peabdabn,"If abdomen is abnormal, please specify:",,,,,,,
peabdhep,8a. Abdomen: Hepatosplenomegaly,"1, Yes | 0, No | 999, <font color=""red""><b>Missing</b></font>",,,,,,
peabdasc,8b. Abdomen: Ascites,"0, 0 - None | 1, 1 - Grade 1 | 2, 2 - Grade 2 | 3, 3 - Grade 3 | 999, <font color=""red""><b>Missing</b></font>",,,,,,
peext,9. Extremities,"1, Normal|2, Abnormal|999, Not Done",,,,,,
peextabn,"If extremities are abnormal, please specify:",,,,,,,
peextleged,9a. Extremeties: Leg Edema,"0, 0 - None | 1, 1 - + | 2, 2 - ++ | 3, 3 - +++ | 4, 4 - ++++ | 999, <font color=""red""><b>Missing</b></font>",,,,,,
penerv,10. Nervous system,"1, Normal|2, Abnormal|999, Not Done",,,,,,
penervabn,"If nervous system is abnormal, please specify:",,,,,,,
penerven,10a. Nervous system: Encephalopathy,"0, 0 - None | 1, 1 - Grade 1 | 2, 2 - Grade 2 | 3, 3 - Grade 3 | 4, 4 - Grade 4 | 999, <font color=""red""><b>Missing</b></font>",,,,,,
peoth,11. Other,"1, Normal|2, Abnormal|999, Not Done",,,,,,
peothabn,"If other organ is abnormal, please specify:",,,,,,,
peoth_spec,11a. Specify the other organ:,,,,,,,
pemental,"12. Mental status, Conn Score","0, None | 1, Grade 1 | 2, Grade 2 | 3, Grade 3 | 4, Grade 4",,,,,,
pe_sourcedat,Date of Entry,,,,,,,
pe_sourcesig,<font size='3' color='red'>Completed by Signature</font>,,,,,,,
pe_sourcedat_phys,Date of Physician/Nurse Practitioner Signature,,,,,,,
pe_sourcesig_phys,<font size='3' color='red'>Phsycian/Nurse Practitioner Signature</font><br>(if not taken from medical records),,,,,,,
TLFB,,,,,,,,
tlfbnd,Was the Timeline Follow Back administered this visit?,"1, Yes | 0, No",,,,,,
tlfbperson,1. Please state the person completing the questionnaire,"1, Patient/Study Participant | 2, Relative of Patient/Study Participant | 3, Friend of Patient/Study Participant | 888, Other",,,,,,
tlfbpersonoth,1a. Please specify the other individual,,,,,,,
tlfb30dyn,2. Was the questionnaire completed for 30 days?,"1, Yes | 0, No | 999, <font color=""red""><b>Missing</b></font>",,,,,,
tlfbnumd,3. Indicate the total number of drinks for 30 days,,Critical,No GDC Standard,,,,
tlfbnumdd,4. Indicate the total number of drinking days out of the 30 days prior to the visit,,Critical,No GDC Standard,,,,
Laboratory,,,,,,,,
labsnd,Were labs collected during this visit?,"1, Yes | 2, No",,,,,,
labs_source,Method of data collection,"1, Paper CRF to be entered in REDCap | 2, Direct data entry into REDCap (No paper CRF)",,,,,,
labdat,Date of visit,,Critical,days_to_test,clinical,molecular_test,,
hemnd,Check if all hematology tests were not done,"999, Not Done",Critical,No GDC Standard,,,,
hemdat,Date hematology labs were collected,,Critical,days_to_test,clinical,molecular_test,No ,Do we need? This is a variable to use calculate days_to_test for all the coagulation tests (e.g. platelets)
hemdatoth,Were any of the hematology labs collected on a date different from the others?,"1, Yes|0,No",Critical,No GDC Standard,,,,
hemoglobinnd,Check if hemoglobin was not collected,"999, Not Done",Critical,laboratory_test,clinical,molecular_test,Yes,
hemoglobin,Hemoglobin,,Critical,test_value,clinical,molecular_test,Yes,
hemoglobin_norm,Normal or Abnormal,"1, Normal|2, Abnormal",Critical,test_result,clinical,molecular_test,Yes,
hemoglobindat,"Specimen date, if collected at a different date",,Critical,days_to_test,clinical,molecular_test,Yes,
wbcnd,Check if WBC test was not done,"999, Not Done",Critical,laboratory_test,clinical,molecular_test,Yes,
wbc,Total WBC (x 10^9 /L),,Critical,test_value,clinical,molecular_test,Yes,
wbc_norm,Normal or Abnormal,"1, Normal|2, Abnormal",Critical,test_result,clinical,molecular_test,Yes,
wbcdat,"Specimen date, if collected at a different date",,Critical,days_to_test,clinical,molecular_test,Yes,
plateletnd,Check if platelet count was not done,"999, Not Done",Critical,laboratory_test,clinical,molecular_test,Yes,
platelet,Platelet Count (10^9 /L),,Critical,test_value,clinical,molecular_test,Yes,
platelet_norm,Normal or Abnormal,"1, Normal|2, Abnormal",Critical,test_result,clinical,molecular_test,Yes,
plateletdat,"Specimen date, if collected at a different date",,Critical,days_to_test,clinical,molecular_test,Yes,
mcvnd,Check if MCV was not done,"999, Not Done",Critical,laboratory_test,clinical,molecular_test,Yes,
mcv,MCV,,Critical,test_value,clinical,molecular_test,Yes,
mcv_norm,Normal or Abnormal,"1, Normal|2, Abnormal",Critical,test_result,clinical,molecular_test,Yes,
mcvdat,"Specimen date, if collected at a different date",,Critical,days_to_test,clinical,molecular_test,Yes,
coagnd,Check if all coagulation tests were not done,"999, Not Done",Critical,No GDC Standard,,,,
coagdat,Date coagulation labs were collected:,,Critical,days_to_test,clinical,molecular_test,No ,Do we need? This is a variable to use calculate days_to_test for all the coagulation tests (e.g. INR)
inrnd,Check if INR test was not done,"999, Not Done",Critical,laboratory_test,clinical,molecular_test,Yes,
inr_symb,"Select whether the INR value is "">"", ""<"", or ""="".","1, > | 2, < | 3, =",Critical,No GDC Standard,,,No ,
inr,INR (International Normalized Ratio):,,Critical,test_value,clinical,molecular_test,Yes,
inr_norm,Normal or Abnormal,"1, Normal|2, Abnormal",Critical,test_result,clinical,molecular_test,Yes,
ptnd,Check if prothrombin was not done,"999, Not Done",Critical,laboratory_test,clinical,molecular_test,Yes,
pt,Prothrombin time (PT):,,Critical,test_value,clinical,molecular_test,Yes,
pt_upper,Local lab upper limit of normal,,Critical,blood_test_normal_range_upper,clinical,molecular_test,No ,
pt_norm,Normal or Abnormal,"1, Normal|2, Abnormal",Critical,test_result,clinical,molecular_test,Yes,
chemnd,Check if all chemistry tests were not done,"999, Not Done",Critical,No GDC Standard,,,,
chemdat,Date chemistry labs were collected:,,Critical,days_to_test,clinical,molecular_test,No ,Do we need? This is a variable to use calculate days_to_test for all the coagulation tests (e.g. INR)
chemdatoth,Were any of the chemistry labs collected on a date different from the others?,"1, Yes|0, No",Critical,No GDC Standard,,,,
glucosend,Check if glucose was not done,"999, Not Done",Critical,laboratory_test,clinical,molecular_test,,
glucose_type,Glucose type,"1, Random|2, Fasting|3, Both",Critical,No GDC Standard,,,No ,Kind of? It seems like fasting and random glucose should be separate TSV's based on how we are splitting files
rglucose,Random Glucose,,Critical,test_value,clinical,molecular_test,Yes,
rglucose_norm,Normal or Abnormal,"1, Normal|2, Abnormal",Critical,test_result,clinical,molecular_test,Yes,
rglucosedat,"Specimen date, if collected at a different date",,Critical,days_to_test,clinical,molecular_test,Yes,
fglucose,Fasting Glucose,,Critical,test_value,clinical,molecular_test,Yes,
fglucose_norm,Normal or Abnormal,"1, Normal|2, Abnormal",Critical,test_result,clinical,molecular_test,Yes,
fglucosedat,"Specimen date, if collected at a different date",,Critical,days_to_test,clinical,molecular_test,Yes,
albuminnd,Check if albumin was not done,"999, Not Done",Critical,laboratory_test,clinical,molecular_test,Yes,
albumin,Albumin,,Critical,test_value,clinical,molecular_test,Yes,
albumin_norm,Normal or Abnormal,"1, Normal|2, Abnormal",Critical,test_result,clinical,molecular_test,Yes,
albumindat,"Specimen date, if collected at a different date",,Critical,days_to_test,clinical,molecular_test,Yes,
bili_totnd,Check if total bilirubin was not collected,"999, Not Done",Critical,laboratory_test,clinical,molecular_test,Yes,
bili_tot,Total Bilirubin,,Critical,test_value,clinical,molecular_test,Yes,
bili_tot_norm,Normal or Abnormal,"1, Normal|2, Abnormal",Critical,test_result,clinical,molecular_test,Yes,
bili_totdat,"Specimen date, if collected at a different date",,Critical,days_to_test,clinical,molecular_test,Yes,
bili_dirnd,Check if direct bilirubin was not collected,"999, Not Done",Critical,laboratory_test,clinical,molecular_test,Yes,
bili_dir_symb,"Select whether the direct bilirubin is "">"", ""<"", or ""="".","1, > | 2, < | 3, =",Critical,No GDC Standard,,,No ,
bili_dir,Direct Bilirubin,,Critical,test_value,clinical,molecular_test,Yes,
bili_dir_norm,Normal or Abnormal,"1, Normal|2, Abnormal",Critical,test_result,clinical,molecular_test,Yes,
bili_dirdat,"Specimen date, if collected at a different date",,Critical,days_to_test,clinical,molecular_test,Yes,
creatnd,Check if creatinine was not collected,"999, Not Done",Critical,laboratory_test,clinical,molecular_test,Yes,
creat,Creatinine,,Critical,test_value,clinical,molecular_test,Yes,
creat_norm,Normal or Abnormal,"1, Normal|2, Abnormal",Critical,test_result,clinical,molecular_test,Yes,
creatdat,"Specimen date, if collected at a different date",,Critical,days_to_test,clinical,molecular_test,Yes,
est_gfrnd,Check if estimated GFR was not collected,"999, Not Done",Critical,laboratory_test,clinical,molecular_test,Yes,
est_gfr_symb,"Select whether the estimated GFR value is "">"", ""<"", or ""="".","1, > | 2, < | 3, =",Critical,No GDC Standard,,,No ,
est_gfr,Estimated GFR (MDRD),,Critical,test_value,clinical,molecular_test,Yes,
est_gfr_norm,Normal or Abnormal,"1, Normal|2, Abnormal",Critical,test_result,clinical,molecular_test,Yes,
est_gfrdat,"Specimen date, if collected at a different date",,Critical,days_to_test,clinical,molecular_test,Yes,
altnd,Check if ALT was not collected,"999, Not Done",Critical,laboratory_test,clinical,molecular_test,Yes,
alt,ALT,,Critical,test_value,clinical,molecular_test,Yes,
alt_norm,Normal or Abnormal,"1, Normal|2, Abnormal",Critical,test_result,clinical,molecular_test,Yes,
altdat,"Specimen date, if collected at a different date",,Critical,days_to_test,clinical,molecular_test,Yes,
astnd,Check if AST was not collected,"999, Not Done",Critical,laboratory_test,clinical,molecular_test,Yes,
ast,AST,,Critical,test_value,clinical,molecular_test,Yes,
ast_norm,Normal or Abnormal,"1, Normal|2, Abnormal",Critical,test_result,clinical,molecular_test,Yes,
astdat,"Specimen date, if collected at a different date",,Critical,days_to_test,clinical,molecular_test,Yes,
alkalinend,Check if alkaline was not collected,"999, Not Done",Critical,laboratory_test,clinical,molecular_test,Yes,
alkaline,Alkaline Phosphatase,,Critical,test_value,clinical,molecular_test,Yes,
alkaline_norm,Normal or Abnormal,"1, Normal|2, Abnormal",Critical,test_result,clinical,molecular_test,Yes,
alkalinedat,"Specimen date, if collected at a different date",,Critical,days_to_test,clinical,molecular_test,Yes,
protein_totnd,Check if total protein was not collected,"999, Not Done",Critical,laboratory_test,clinical,molecular_test,Yes,
protein_tot,Total Protein,,Critical,test_value,clinical,molecular_test,Yes,
protein_tot_norm,Normal or Abnormal,"1, Normal|2, Abnormal",Critical,test_result,clinical,molecular_test,Yes,
protein_totdat,"Specimen date, if collected at a different date",,Critical,days_to_test,clinical,molecular_test,Yes,
pregserum,Serum Pregnancy Test,"1, Positive | 2, Negative | 999, Not Done | 777, Not Applicable",,,,,,
pregurine,Urine Pregnancy test,"1, Positive | 2, Negative | 999, Not Done | 777, Not Applicable",,,,,,
lipidnd,Check if all lipid tests were not done,"999, Not Done",Critical,laboratory_test,clinical,molecular_test,,
lipiddat,Date lipid labs were collected:,,Critical,days_to_test,clinical,molecular_test,No ,Do we need? This is a variable to use calculate days_to_test for all the lipid tests (e.g. cholesterol)
lipiddatoth,Were any of the lipid labs collected on a date different from the others?,"1, Yes|0, No",Critical,No GDC Standard,,,,
triglyceridend,Check if triglycerides were not collected,"999, Not Done",Critical,laboratory_test,clinical,molecular_test,Yes,
triglyceride,Triglycerides:,,Critical,test_value,clinical,molecular_test,Yes,
triglyceride_norm,Normal or Abnormal,"1, Normal|2, Abnormal",Critical,test_result,clinical,molecular_test,Yes,
triglyceridedat,"Specimen date, if collected at a different date",,Critical,days_to_test,clinical,molecular_test,Yes,
chol_totnd,Check if total cholesterol was not collected,"999, Not Done",Critical,laboratory_test,clinical,molecular_test,Yes,
chol_tot,Total Cholesterol,,Critical,test_value,clinical,molecular_test,Yes,
chol_tot_norm,Normal or Abnormal,"1, Normal|2, Abnormal",Critical,test_result,clinical,molecular_test,Yes,
chol_totdat,"Specimen date, if collected at a different date",,Critical,days_to_test,clinical,molecular_test,Yes,
chol_ldlnd,Check if LDL cholesterol was not collected,"999, Not Done",Critical,laboratory_test,clinical,molecular_test,Yes,
chol_ldl,LDL Cholesterol,,Critical,test_value,clinical,molecular_test,Yes,
chol_ldl_norm,Normal or Abnormal,"1, Normal|2, Abnormal",Critical,test_result,clinical,molecular_test,Yes,
chol_ldldat,"Specimen date, if collected at a different date",,Critical,days_to_test,clinical,molecular_test,Yes,
chol_hdlnd,Check if HDL cholesterol was not collected,"999, Not Done",Critical,laboratory_test,clinical,molecular_test,Yes,
chol_hdl,HDL Cholesterol,,Critical,test_value,clinical,molecular_test,Yes,
chol_hdl_norm,Normal or Abnormal,"1, Normal|2, Abnormal",Critical,test_result,clinical,molecular_test,Yes,
chol_hdldat,"Specimen date, if collected at a different date",,Critical,days_to_test,clinical,molecular_test,Yes,
othlabnd,Check if no other labs were collected,"999, Not Done",Critical,No GDC Standard,,,,
othdat,Date other labs were collected:,,Critical,days_to_test,clinical,molecular_test,No ,Do we need? This is a variable to use calculate days_to_test for all the othertests (e.g. HIV)
othdatoth,Were any of the other labs collected on a date different from the others?,"1, Yes|0, No",Critical,No GDC Standard,,,,
hivnd,Check if HIV test was not collected,"999, Not Done",Critical,laboratory_test,clinical,molecular_test,Yes,
hiv,22. HIV,"1,Positive|0,Negative",Critical,test_result,clinical,molecular_test,Yes,
hivdat,"22a. Specimen date, if collected at a different date",,Critical,days_to_follow_up,clinical,molecular_test,Yes,
hbvnd,Check if HBV test was not done,"999, Not Done",Critical,laboratory_test,clinical,molecular_test,Yes,
hbv,23. HBV surface antigen,"1,Positive|0,Negative",Critical,test_result,clinical,molecular_test,Yes,
hbvdat,"23a. Specimen date, if collected at a different date",,Critical,days_to_test,clinical,molecular_test,Yes,
hcv_antibodynd,Check if HCV antibody test was not done,"999, Not Done",Critical,laboratory_test,clinical,molecular_test,Yes,
hcv_antibody,24. HCV antibody,"1,Positive|0,Negative",Critical,test_result,clinical,molecular_test,Yes,
hcv_antibodydat,"24a. Specimen date, if collected at a different date",,Critical,days_to_test,clinical,molecular_test,Yes,
hcv_absnd,Check if absolute HCV RNA count was not done,"999, Not Done",Critical,laboratory_test,clinical,molecular_test,Yes,
hcv_abs,25a. Absolute HCV RNA count,,Critical,test_value,clinical,molecular_test,Yes,
hcv_absdat,"25aa. Specimen date, if collected at a different date",,Critical,days_to_test,clinical,molecular_test,Yes,
hcv_lognd,Check if log HCV RNA count was not done,"999, Not Done",Critical,laboratory_test,clinical,molecular_test,Yes,
hcv_log,25b. Log HCV RNA count,,Critical,test_value,clinical,molecular_test,Yes,
hcv_logdat,"25ba. Specimen date, if collected at a different date",,Critical,days_to_test,clinical,molecular_test,Yes,
labs_sourcedat,Date of Entry,,,,,,,
altx3,ALT x3,[alt] * 3,,,,,,
labs_sourcesig,<font size='3' color='red'>Completed by Signature</font>,,,,,,,
Biospecimens,,,,,,,,
samplesnd,Were biosamples collected during this visit?,"1, Yes | 0, No",Critical,,,,,
smpldat,Visit Date,,Critical,,,,,
bloodnd,Check if blood draw was not done,"999, Not Done",Critical,,,,,
bloodtime,Blood draw date/time,,Critical,,,,,
bloodfast,Has the patient fasted prior to this draw?,"1,Yes|0,No",Critical,,,,,
bloodfast_hrs,Number of hours fasted,,Critical,,,,,
serumnum,Number of serum (6ml <u>red</u> top) tubes drawn,,Critical,,,,,
plasmanum,Number of EDTA (lavender/purple top) tubes drawn (for plasma),,Critical,,,,,
wbnum,Number of whole blood (green top) tubes,,Critical,,,,,
ppplasmanum,Number of light blue top tubes drawn for platelet poor plasma & HCl/Neat plasma,,Critical,,,,,
pbmcnd,Check if PBMC blood draw was not done,"999, Not Done",Critical,,,,,
pbmcdat,PBMC draw date/time,,Critical,,,,,
pbmcnum,Number of peripheral blood (blue/black top) tubes drawn:,,Critical,,,,,
cellcount,Total cell count,,Critical,,,,,
urinend,Check if urine was not collected,"999, Not Done",Critical,,,,,
urinedat,Urine collection date/time,,Critical,,,,,
salivand,Check if saliva was not collected,"999, Not Done",Critical,,,,,
salivadtc,Date and time of saliva collection,,Critical,,,,,
stoolnd,Check if stool was not collected,"999, Not Done",Critical,,,,,
stooldat,Stool Sample collection date/time,,Critical,,,,,
stoolhomcol,Was this stool specimen collected via a home collection kit?  ,,Critical,,,,,
stoolhomfroz,Was the home stool specimen frozen?,"1, Yes | 0, No | 99, Unknown",Critical,,,,,
stoolhomtimfroz,What it frozen within 2 hours?,"1, Yes | 0, No | 99, Unknown",Critical,,,,,
stooltrice,"<p>Was the specimen transported <span style=""color: #e03e2d;"">frozen</span> to the study site on ice?</p>","1, Yes | 0, No | 99, Unknown",Critical,,,,,
stoolrecdate,Date specimen received by site: ,,Critical,,,,,
plasaliqnum,Number of frozen platelet rich (EDTA) plasma aliquots (0 or 5 expected),,Critical,,,,,
plasaliqnum_2,Number of frozen platelet poor plasma aliquots (8 expected),,Critical,,,,,
plasaliqnum_3,Number of frozen neat sodium citrate plasma aliquots (1 expected),,Critical,,,,,
plasaliqnum_4,Number of HCl sodium citrate plasma aliquots (1 expected),,Critical,,,,,
serumaliqnum,Number of frozen serum aliquots (5 expected),,Critical,,,,,
wbaliqnum,Number of frozen whole blood (DNA) aliquots (2 expected),,Critical,,,,,
lysedrbcaliqnum,Number of frozen lysed RBC aliquots (2-5 expected),,Critical,,,,,
pbmcaliqnum,Number of frozen PBMC aliquots (5-10 expected),,Critical,,,,,
cptaliqnum,Number of frozen CPT plasma aliquots (5-10 expected),,Critical,,,,,
urinealiqnum,Number of frozen urine aliquots (6 expected),,Critical,,,,,
stoolnum,Number of stool samples (1 expected),,Critical,,,,,
salivanum,Number of saliva samples (1 expected),,Critical,,,,,
exceptionyn,Were any sample exceptions recorded?,"1, Yes | 0, No",Critical,,,,,
exception_ppp,Platelet Poor Plasma,"777, <div style=""transform: rotate(-90deg); -webkit-transform: rotate(-90deg); -moz-transform:rotate(-90deg); -ms-transform:rotate(-90deg); white-space: nowrap; position: relative; top: -10px; left: -3px; margin-top: 90px;"">N/A</div> | 1, <div style=""transform: rotate(-90deg); -webkit-transform: rotate(-90deg); -moz-transform:rotate(-90deg); -ms-transform:rotate(-90deg); white-space: nowrap; position: relative; top: -10px; left: -3px; margin-top: 90px;"">Clotted</div> | 2, <div style=""transform: rotate(-90deg); -webkit-transform: rotate(-90deg); -moz-transform:rotate(-90deg); -ms-transform:rotate(-90deg); white-space: nowrap; position: relative; top: -10px; left: -3px; margin-top: 90px;"">Contaminated</div> | 3, <div style=""transform: rotate(-90deg); -webkit-transform: rotate(-90deg); -moz-transform:rotate(-90deg); -ms-transform:rotate(-90deg); white-space: nowrap; position: relative; top: -10px; left: -3px; margin-top: 90px;"">Damaged</div> | 4, <div style=""transform: rotate(-90deg); -webkit-transform: rotate(-90deg); -moz-transform:rotate(-90deg); -ms-transform:rotate(-90deg); white-space: nowrap; position: relative; top: -10px; left: -3px; margin-top: 90px;"">Hemolyzed</div> | 5, <div style=""transform: rotate(-90deg); -webkit-transform: rotate(-90deg); -moz-transform:rotate(-90deg); -ms-transform:rotate(-90deg); white-space: nowrap; position: relative; top: -10px; left: -3px; margin-top: 90px;"">Hemorrhagic</div> | 6, <div style=""transform: rotate(-90deg); -webkit-transform: rotate(-90deg); -moz-transform:rotate(-90deg); -ms-transform:rotate(-90deg); white-space: nowrap; position: relative; top: -10px; left: -3px; margin-top: 90px;"">Late Processing - 8H</div> | 7, <div style=""transform: rotate(-90deg); -webkit-transform: rotate(-90deg); -moz-transform:rotate(-90deg); -ms-transform:rotate(-90deg); white-space: nowrap; position: relative; top: -10px; left: -3px; margin-top: 90px;"">Late Processing - 24H</div> | 8, <div style=""transform: rotate(-90deg); -webkit-transform: rotate(-90deg); -moz-transform:rotate(-90deg); -ms-transform:rotate(-90deg); white-space: nowrap; position: relative; top: -10px; left: -3px; margin-top: 90px;"">Lipemic</div> | 9, <div style=""transform: rotate(-90deg); -webkit-transform: rotate(-90deg); -moz-transform:rotate(-90deg); -ms-transform:rotate(-90deg); white-space: nowrap; position: relative; top: -10px; left: -3px; margin-top: 90px;"">Necrotic</div> | 10, <div style=""transform: rotate(-90deg); -webkit-transform: rotate(-90deg); -moz-transform:rotate(-90deg); -ms-transform:rotate(-90deg); white-space: nowrap; position: relative; top: -10px; left: -3px; margin-top: 90px;"">Insufficient Quantity</div> | 11, <div style=""transform: rotate(-90deg); -webkit-transform: rotate(-90deg); -moz-transform:rotate(-90deg); -ms-transform:rotate(-90deg); white-space: nowrap; position: relative; top: -10px; left: -3px; margin-top: 90px;"">Thawed</div>",Critical,,,,,
exception_pbmc,PBMC (CPT),"777, <div style=""transform: rotate(-90deg); -webkit-transform: rotate(-90deg); -moz-transform:rotate(-90deg); -ms-transform:rotate(-90deg); white-space: nowrap; position: relative; top: -10px; left: -3px; margin-top: 90px;"">N/A</div> | 1, <div style=""transform: rotate(-90deg); -webkit-transform: rotate(-90deg); -moz-transform:rotate(-90deg); -ms-transform:rotate(-90deg); white-space: nowrap; position: relative; top: -10px; left: -3px; margin-top: 90px;"">Clotted</div> | 2, <div style=""transform: rotate(-90deg); -webkit-transform: rotate(-90deg); -moz-transform:rotate(-90deg); -ms-transform:rotate(-90deg); white-space: nowrap; position: relative; top: -10px; left: -3px; margin-top: 90px;"">Contaminated</div> | 3, <div style=""transform: rotate(-90deg); -webkit-transform: rotate(-90deg); -moz-transform:rotate(-90deg); -ms-transform:rotate(-90deg); white-space: nowrap; position: relative; top: -10px; left: -3px; margin-top: 90px;"">Damaged</div> | 4, <div style=""transform: rotate(-90deg); -webkit-transform: rotate(-90deg); -moz-transform:rotate(-90deg); -ms-transform:rotate(-90deg); white-space: nowrap; position: relative; top: -10px; left: -3px; margin-top: 90px;"">Hemolyzed</div> | 5, <div style=""transform: rotate(-90deg); -webkit-transform: rotate(-90deg); -moz-transform:rotate(-90deg); -ms-transform:rotate(-90deg); white-space: nowrap; position: relative; top: -10px; left: -3px; margin-top: 90px;"">Hemorrhagic</div> | 6, <div style=""transform: rotate(-90deg); -webkit-transform: rotate(-90deg); -moz-transform:rotate(-90deg); -ms-transform:rotate(-90deg); white-space: nowrap; position: relative; top: -10px; left: -3px; margin-top: 90px;"">Late Processing - 8H</div> | 7, <div style=""transform: rotate(-90deg); -webkit-transform: rotate(-90deg); -moz-transform:rotate(-90deg); -ms-transform:rotate(-90deg); white-space: nowrap; position: relative; top: -10px; left: -3px; margin-top: 90px;"">Late Processing - 24H</div> | 8, <div style=""transform: rotate(-90deg); -webkit-transform: rotate(-90deg); -moz-transform:rotate(-90deg); -ms-transform:rotate(-90deg); white-space: nowrap; position: relative; top: -10px; left: -3px; margin-top: 90px;"">Lipemic</div> | 9, <div style=""transform: rotate(-90deg); -webkit-transform: rotate(-90deg); -moz-transform:rotate(-90deg); -ms-transform:rotate(-90deg); white-space: nowrap; position: relative; top: -10px; left: -3px; margin-top: 90px;"">Necrotic</div> | 10, <div style=""transform: rotate(-90deg); -webkit-transform: rotate(-90deg); -moz-transform:rotate(-90deg); -ms-transform:rotate(-90deg); white-space: nowrap; position: relative; top: -10px; left: -3px; margin-top: 90px;"">Insufficient Quantity</div> | 11, <div style=""transform: rotate(-90deg); -webkit-transform: rotate(-90deg); -moz-transform:rotate(-90deg); -ms-transform:rotate(-90deg); white-space: nowrap; position: relative; top: -10px; left: -3px; margin-top: 90px;"">Thawed</div>",Critical,,,,,
exception_ser,Serum,"777, <div style=""transform: rotate(-90deg); -webkit-transform: rotate(-90deg); -moz-transform:rotate(-90deg); -ms-transform:rotate(-90deg); white-space: nowrap; position: relative; top: -10px; left: -3px; margin-top: 90px;"">N/A</div> | 1, <div style=""transform: rotate(-90deg); -webkit-transform: rotate(-90deg); -moz-transform:rotate(-90deg); -ms-transform:rotate(-90deg); white-space: nowrap; position: relative; top: -10px; left: -3px; margin-top: 90px;"">Clotted</div> | 2, <div style=""transform: rotate(-90deg); -webkit-transform: rotate(-90deg); -moz-transform:rotate(-90deg); -ms-transform:rotate(-90deg); white-space: nowrap; position: relative; top: -10px; left: -3px; margin-top: 90px;"">Contaminated</div> | 3, <div style=""transform: rotate(-90deg); -webkit-transform: rotate(-90deg); -moz-transform:rotate(-90deg); -ms-transform:rotate(-90deg); white-space: nowrap; position: relative; top: -10px; left: -3px; margin-top: 90px;"">Damaged</div> | 4, <div style=""transform: rotate(-90deg); -webkit-transform: rotate(-90deg); -moz-transform:rotate(-90deg); -ms-transform:rotate(-90deg); white-space: nowrap; position: relative; top: -10px; left: -3px; margin-top: 90px;"">Hemolyzed</div> | 5, <div style=""transform: rotate(-90deg); -webkit-transform: rotate(-90deg); -moz-transform:rotate(-90deg); -ms-transform:rotate(-90deg); white-space: nowrap; position: relative; top: -10px; left: -3px; margin-top: 90px;"">Hemorrhagic</div> | 6, <div style=""transform: rotate(-90deg); -webkit-transform: rotate(-90deg); -moz-transform:rotate(-90deg); -ms-transform:rotate(-90deg); white-space: nowrap; position: relative; top: -10px; left: -3px; margin-top: 90px;"">Late Processing - 8H</div> | 7, <div style=""transform: rotate(-90deg); -webkit-transform: rotate(-90deg); -moz-transform:rotate(-90deg); -ms-transform:rotate(-90deg); white-space: nowrap; position: relative; top: -10px; left: -3px; margin-top: 90px;"">Late Processing - 24H</div> | 8, <div style=""transform: rotate(-90deg); -webkit-transform: rotate(-90deg); -moz-transform:rotate(-90deg); -ms-transform:rotate(-90deg); white-space: nowrap; position: relative; top: -10px; left: -3px; margin-top: 90px;"">Lipemic</div> | 9, <div style=""transform: rotate(-90deg); -webkit-transform: rotate(-90deg); -moz-transform:rotate(-90deg); -ms-transform:rotate(-90deg); white-space: nowrap; position: relative; top: -10px; left: -3px; margin-top: 90px;"">Necrotic</div> | 10, <div style=""transform: rotate(-90deg); -webkit-transform: rotate(-90deg); -moz-transform:rotate(-90deg); -ms-transform:rotate(-90deg); white-space: nowrap; position: relative; top: -10px; left: -3px; margin-top: 90px;"">Insufficient Quantity</div> | 11, <div style=""transform: rotate(-90deg); -webkit-transform: rotate(-90deg); -moz-transform:rotate(-90deg); -ms-transform:rotate(-90deg); white-space: nowrap; position: relative; top: -10px; left: -3px; margin-top: 90px;"">Thawed</div>",Critical,,,,,
exception_wb,Whole Blood,"777, <div style=""transform: rotate(-90deg); -webkit-transform: rotate(-90deg); -moz-transform:rotate(-90deg); -ms-transform:rotate(-90deg); white-space: nowrap; position: relative; top: -10px; left: -3px; margin-top: 90px;"">N/A</div> | 1, <div style=""transform: rotate(-90deg); -webkit-transform: rotate(-90deg); -moz-transform:rotate(-90deg); -ms-transform:rotate(-90deg); white-space: nowrap; position: relative; top: -10px; left: -3px; margin-top: 90px;"">Clotted</div> | 2, <div style=""transform: rotate(-90deg); -webkit-transform: rotate(-90deg); -moz-transform:rotate(-90deg); -ms-transform:rotate(-90deg); white-space: nowrap; position: relative; top: -10px; left: -3px; margin-top: 90px;"">Contaminated</div> | 3, <div style=""transform: rotate(-90deg); -webkit-transform: rotate(-90deg); -moz-transform:rotate(-90deg); -ms-transform:rotate(-90deg); white-space: nowrap; position: relative; top: -10px; left: -3px; margin-top: 90px;"">Damaged</div> | 4, <div style=""transform: rotate(-90deg); -webkit-transform: rotate(-90deg); -moz-transform:rotate(-90deg); -ms-transform:rotate(-90deg); white-space: nowrap; position: relative; top: -10px; left: -3px; margin-top: 90px;"">Hemolyzed</div> | 5, <div style=""transform: rotate(-90deg); -webkit-transform: rotate(-90deg); -moz-transform:rotate(-90deg); -ms-transform:rotate(-90deg); white-space: nowrap; position: relative; top: -10px; left: -3px; margin-top: 90px;"">Hemorrhagic</div> | 6, <div style=""transform: rotate(-90deg); -webkit-transform: rotate(-90deg); -moz-transform:rotate(-90deg); -ms-transform:rotate(-90deg); white-space: nowrap; position: relative; top: -10px; left: -3px; margin-top: 90px;"">Late Processing - 8H</div> | 7, <div style=""transform: rotate(-90deg); -webkit-transform: rotate(-90deg); -moz-transform:rotate(-90deg); -ms-transform:rotate(-90deg); white-space: nowrap; position: relative; top: -10px; left: -3px; margin-top: 90px;"">Late Processing - 24H</div> | 8, <div style=""transform: rotate(-90deg); -webkit-transform: rotate(-90deg); -moz-transform:rotate(-90deg); -ms-transform:rotate(-90deg); white-space: nowrap; position: relative; top: -10px; left: -3px; margin-top: 90px;"">Lipemic</div> | 9, <div style=""transform: rotate(-90deg); -webkit-transform: rotate(-90deg); -moz-transform:rotate(-90deg); -ms-transform:rotate(-90deg); white-space: nowrap; position: relative; top: -10px; left: -3px; margin-top: 90px;"">Necrotic</div> | 10, <div style=""transform: rotate(-90deg); -webkit-transform: rotate(-90deg); -moz-transform:rotate(-90deg); -ms-transform:rotate(-90deg); white-space: nowrap; position: relative; top: -10px; left: -3px; margin-top: 90px;"">Insufficient Quantity</div> | 11, <div style=""transform: rotate(-90deg); -webkit-transform: rotate(-90deg); -moz-transform:rotate(-90deg); -ms-transform:rotate(-90deg); white-space: nowrap; position: relative; top: -10px; left: -3px; margin-top: 90px;"">Thawed</div>",Critical,,,,,
exception_prp,Platelet Rich Plasma,"777, <div style=""transform: rotate(-90deg); -webkit-transform: rotate(-90deg); -moz-transform:rotate(-90deg); -ms-transform:rotate(-90deg); white-space: nowrap; position: relative; top: -10px; left: -3px; margin-top: 90px;"">N/A</div> | 1, <div style=""transform: rotate(-90deg); -webkit-transform: rotate(-90deg); -moz-transform:rotate(-90deg); -ms-transform:rotate(-90deg); white-space: nowrap; position: relative; top: -10px; left: -3px; margin-top: 90px;"">Clotted</div> | 2, <div style=""transform: rotate(-90deg); -webkit-transform: rotate(-90deg); -moz-transform:rotate(-90deg); -ms-transform:rotate(-90deg); white-space: nowrap; position: relative; top: -10px; left: -3px; margin-top: 90px;"">Contaminated</div> | 3, <div style=""transform: rotate(-90deg); -webkit-transform: rotate(-90deg); -moz-transform:rotate(-90deg); -ms-transform:rotate(-90deg); white-space: nowrap; position: relative; top: -10px; left: -3px; margin-top: 90px;"">Damaged</div> | 4, <div style=""transform: rotate(-90deg); -webkit-transform: rotate(-90deg); -moz-transform:rotate(-90deg); -ms-transform:rotate(-90deg); white-space: nowrap; position: relative; top: -10px; left: -3px; margin-top: 90px;"">Hemolyzed</div> | 5, <div style=""transform: rotate(-90deg); -webkit-transform: rotate(-90deg); -moz-transform:rotate(-90deg); -ms-transform:rotate(-90deg); white-space: nowrap; position: relative; top: -10px; left: -3px; margin-top: 90px;"">Hemorrhagic</div> | 6, <div style=""transform: rotate(-90deg); -webkit-transform: rotate(-90deg); -moz-transform:rotate(-90deg); -ms-transform:rotate(-90deg); white-space: nowrap; position: relative; top: -10px; left: -3px; margin-top: 90px;"">Late Processing - 8H</div> | 7, <div style=""transform: rotate(-90deg); -webkit-transform: rotate(-90deg); -moz-transform:rotate(-90deg); -ms-transform:rotate(-90deg); white-space: nowrap; position: relative; top: -10px; left: -3px; margin-top: 90px;"">Late Processing - 24H</div> | 8, <div style=""transform: rotate(-90deg); -webkit-transform: rotate(-90deg); -moz-transform:rotate(-90deg); -ms-transform:rotate(-90deg); white-space: nowrap; position: relative; top: -10px; left: -3px; margin-top: 90px;"">Lipemic</div> | 9, <div style=""transform: rotate(-90deg); -webkit-transform: rotate(-90deg); -moz-transform:rotate(-90deg); -ms-transform:rotate(-90deg); white-space: nowrap; position: relative; top: -10px; left: -3px; margin-top: 90px;"">Necrotic</div> | 10, <div style=""transform: rotate(-90deg); -webkit-transform: rotate(-90deg); -moz-transform:rotate(-90deg); -ms-transform:rotate(-90deg); white-space: nowrap; position: relative; top: -10px; left: -3px; margin-top: 90px;"">Insufficient Quantity</div> | 11, <div style=""transform: rotate(-90deg); -webkit-transform: rotate(-90deg); -moz-transform:rotate(-90deg); -ms-transform:rotate(-90deg); white-space: nowrap; position: relative; top: -10px; left: -3px; margin-top: 90px;"">Thawed</div>",Critical,,,,,
exception_anak,Anakinra Trough Level Collection,"777, <div style=""transform: rotate(-90deg); -webkit-transform: rotate(-90deg); -moz-transform:rotate(-90deg); -ms-transform:rotate(-90deg); white-space: nowrap; position: relative; top: -10px; left: -3px; margin-top: 90px;"">N/A</div> | 1, <div style=""transform: rotate(-90deg); -webkit-transform: rotate(-90deg); -moz-transform:rotate(-90deg); -ms-transform:rotate(-90deg); white-space: nowrap; position: relative; top: -10px; left: -3px; margin-top: 90px;"">Clotted</div> | 2, <div style=""transform: rotate(-90deg); -webkit-transform: rotate(-90deg); -moz-transform:rotate(-90deg); -ms-transform:rotate(-90deg); white-space: nowrap; position: relative; top: -10px; left: -3px; margin-top: 90px;"">Contaminated</div> | 3, <div style=""transform: rotate(-90deg); -webkit-transform: rotate(-90deg); -moz-transform:rotate(-90deg); -ms-transform:rotate(-90deg); white-space: nowrap; position: relative; top: -10px; left: -3px; margin-top: 90px;"">Damaged</div> | 4, <div style=""transform: rotate(-90deg); -webkit-transform: rotate(-90deg); -moz-transform:rotate(-90deg); -ms-transform:rotate(-90deg); white-space: nowrap; position: relative; top: -10px; left: -3px; margin-top: 90px;"">Hemolyzed</div> | 5, <div style=""transform: rotate(-90deg); -webkit-transform: rotate(-90deg); -moz-transform:rotate(-90deg); -ms-transform:rotate(-90deg); white-space: nowrap; position: relative; top: -10px; left: -3px; margin-top: 90px;"">Hemorrhagic</div> | 6, <div style=""transform: rotate(-90deg); -webkit-transform: rotate(-90deg); -moz-transform:rotate(-90deg); -ms-transform:rotate(-90deg); white-space: nowrap; position: relative; top: -10px; left: -3px; margin-top: 90px;"">Late Processing - 8H</div> | 7, <div style=""transform: rotate(-90deg); -webkit-transform: rotate(-90deg); -moz-transform:rotate(-90deg); -ms-transform:rotate(-90deg); white-space: nowrap; position: relative; top: -10px; left: -3px; margin-top: 90px;"">Late Processing - 24H</div> | 8, <div style=""transform: rotate(-90deg); -webkit-transform: rotate(-90deg); -moz-transform:rotate(-90deg); -ms-transform:rotate(-90deg); white-space: nowrap; position: relative; top: -10px; left: -3px; margin-top: 90px;"">Lipemic</div> | 9, <div style=""transform: rotate(-90deg); -webkit-transform: rotate(-90deg); -moz-transform:rotate(-90deg); -ms-transform:rotate(-90deg); white-space: nowrap; position: relative; top: -10px; left: -3px; margin-top: 90px;"">Necrotic</div> | 10, <div style=""transform: rotate(-90deg); -webkit-transform: rotate(-90deg); -moz-transform:rotate(-90deg); -ms-transform:rotate(-90deg); white-space: nowrap; position: relative; top: -10px; left: -3px; margin-top: 90px;"">Insufficient Quantity</div> | 11, <div style=""transform: rotate(-90deg); -webkit-transform: rotate(-90deg); -moz-transform:rotate(-90deg); -ms-transform:rotate(-90deg); white-space: nowrap; position: relative; top: -10px; left: -3px; margin-top: 90px;"">Thawed</div>",Critical,,,,,
exception_uri,Urine,"777, <div style=""transform: rotate(-90deg); -webkit-transform: rotate(-90deg); -moz-transform:rotate(-90deg); -ms-transform:rotate(-90deg); white-space: nowrap; position: relative; top: -25px; left: -3px; margin-top: 115px;"">N/A</div> | 2, <div style=""transform: rotate(-90deg); -webkit-transform: rotate(-90deg); -moz-transform:rotate(-90deg); -ms-transform:rotate(-90deg); white-space: nowrap; position: relative; top: -25px; left: -3px; margin-top: 115px;"">Contaminated</div> | 3, <div style=""transform: rotate(-90deg); -webkit-transform: rotate(-90deg); -moz-transform:rotate(-90deg); -ms-transform:rotate(-90deg); white-space: nowrap; position: relative; top: -25px; left: -3px; margin-top: 115px;"">Damaged</div> |  6, <div style=""transform: rotate(-90deg); -webkit-transform: rotate(-90deg); -moz-transform:rotate(-90deg); -ms-transform:rotate(-90deg); white-space: nowrap; position: relative; top: -25px; left: -3px; margin-top: 115px;"">Late Processing - 8H</div> | 7, <div style=""transform: rotate(-90deg); -webkit-transform: rotate(-90deg); -moz-transform:rotate(-90deg); -ms-transform:rotate(-90deg); white-space: nowrap; position: relative; top: -25px; left: -3px; margin-top: 115px;"">Late Processing - 24H</div> | 9, <div style=""transform: rotate(-90deg); -webkit-transform: rotate(-90deg); -moz-transform:rotate(-90deg); -ms-transform:rotate(-90deg); white-space: nowrap; position: relative; top: -25px; left: -3px; margin-top: 115px;"">Necrotic</div> | 10, <div style=""transform: rotate(-90deg); -webkit-transform: rotate(-90deg); -moz-transform:rotate(-90deg); -ms-transform:rotate(-90deg); white-space: nowrap; position: relative; top: -25px; left: -3px; margin-top: 115px;"">Insufficient Quantity</div> | 11, <div style=""transform: rotate(-90deg); -webkit-transform: rotate(-90deg); -moz-transform:rotate(-90deg); -ms-transform:rotate(-90deg); white-space: nowrap; position: relative; top: -25px; left: -3px; margin-top: 115px;"">Thawed</div>",Critical,,,,,
exception_sal,Saliva,"777, <div style=""transform: rotate(-90deg); -webkit-transform: rotate(-90deg); -moz-transform:rotate(-90deg); -ms-transform:rotate(-90deg); white-space: nowrap; position: relative; top: -25px; left: -3px; margin-top: 115px;"">N/A</div> | 2, <div style=""transform: rotate(-90deg); -webkit-transform: rotate(-90deg); -moz-transform:rotate(-90deg); -ms-transform:rotate(-90deg); white-space: nowrap; position: relative; top: -25px; left: -3px; margin-top: 115px;"">Contaminated</div> | 3, <div style=""transform: rotate(-90deg); -webkit-transform: rotate(-90deg); -moz-transform:rotate(-90deg); -ms-transform:rotate(-90deg); white-space: nowrap; position: relative; top: -25px; left: -3px; margin-top: 115px;"">Damaged</div> |  6, <div style=""transform: rotate(-90deg); -webkit-transform: rotate(-90deg); -moz-transform:rotate(-90deg); -ms-transform:rotate(-90deg); white-space: nowrap; position: relative; top: -25px; left: -3px; margin-top: 115px;"">Late Processing - 8H</div> | 7, <div style=""transform: rotate(-90deg); -webkit-transform: rotate(-90deg); -moz-transform:rotate(-90deg); -ms-transform:rotate(-90deg); white-space: nowrap; position: relative; top: -25px; left: -3px; margin-top: 115px;"">Late Processing - 24H</div> | 9, <div style=""transform: rotate(-90deg); -webkit-transform: rotate(-90deg); -moz-transform:rotate(-90deg); -ms-transform:rotate(-90deg); white-space: nowrap; position: relative; top: -25px; left: -3px; margin-top: 115px;"">Necrotic</div> | 10, <div style=""transform: rotate(-90deg); -webkit-transform: rotate(-90deg); -moz-transform:rotate(-90deg); -ms-transform:rotate(-90deg); white-space: nowrap; position: relative; top: -25px; left: -3px; margin-top: 115px;"">Insufficient Quantity</div> | 11, <div style=""transform: rotate(-90deg); -webkit-transform: rotate(-90deg); -moz-transform:rotate(-90deg); -ms-transform:rotate(-90deg); white-space: nowrap; position: relative; top: -25px; left: -3px; margin-top: 115px;"">Thawed</div>",Critical,,,,,
exception_sto,Stool,"777, <div style=""transform: rotate(-90deg); -webkit-transform: rotate(-90deg); -moz-transform:rotate(-90deg); -ms-transform:rotate(-90deg); white-space: nowrap; position: relative; top: -25px; left: -3px; margin-top: 115px;"">N/A</div> | 2, <div style=""transform: rotate(-90deg); -webkit-transform: rotate(-90deg); -moz-transform:rotate(-90deg); -ms-transform:rotate(-90deg); white-space: nowrap; position: relative; top: -25px; left: -3px; margin-top: 115px;"">Contaminated</div> | 3, <div style=""transform: rotate(-90deg); -webkit-transform: rotate(-90deg); -moz-transform:rotate(-90deg); -ms-transform:rotate(-90deg); white-space: nowrap; position: relative; top: -25px; left: -3px; margin-top: 115px;"">Damaged</div> |  6, <div style=""transform: rotate(-90deg); -webkit-transform: rotate(-90deg); -moz-transform:rotate(-90deg); -ms-transform:rotate(-90deg); white-space: nowrap; position: relative; top: -25px; left: -3px; margin-top: 115px;"">Late Processing - 8H</div> | 7, <div style=""transform: rotate(-90deg); -webkit-transform: rotate(-90deg); -moz-transform:rotate(-90deg); -ms-transform:rotate(-90deg); white-space: nowrap; position: relative; top: -25px; left: -3px; margin-top: 115px;"">Late Processing - 24H</div> | 9, <div style=""transform: rotate(-90deg); -webkit-transform: rotate(-90deg); -moz-transform:rotate(-90deg); -ms-transform:rotate(-90deg); white-space: nowrap; position: relative; top: -25px; left: -3px; margin-top: 115px;"">Necrotic</div> | 10, <div style=""transform: rotate(-90deg); -webkit-transform: rotate(-90deg); -moz-transform:rotate(-90deg); -ms-transform:rotate(-90deg); white-space: nowrap; position: relative; top: -25px; left: -3px; margin-top: 115px;"">Insufficient Quantity</div> | 11, <div style=""transform: rotate(-90deg); -webkit-transform: rotate(-90deg); -moz-transform:rotate(-90deg); -ms-transform:rotate(-90deg); white-space: nowrap; position: relative; top: -25px; left: -3px; margin-top: 115px;"">Thawed</div>",Critical,,,,,
liver_biopsy_done,Was liver tissue collected this visit?,"1, Yes | 0, No",Critical,,,,,
Liver Biopsy Information,,,,,,,,
liver_biopsy_yn,Was liver biopsy information collected during the visit?,"1, Yes | 0, No",Critical,Not critical critical,,,,
liver_biopsy_date,Liver Biopsy Date:,,Critical,Not critical critical,,,,
liver_biopsy_method,Please select liver biopsy processing method:,"1, Frozen | 2, RNALater",Critical,Not critical critical,,,,
liver_histology_fibrosis,Fibrosis Stage,"1, None | 2, Portal Fibrosis | 3, Expansive Periportal Fibrosis | 4, Bridging Fibrosis | 5, Cirrhosis",Critical,Not critical critical,,,,
liver_histology_lobular,Lobular Fibrosis,"1, None | 2, Zone 3 (centrilobular fibrosis) | 3, Zone 2+3 (midzonal) fibrosis | 4, Panlobular fibrosis",Critical,Not critical critical,,,,
liver_histology_pericellular,Pericellular Fibrosis,"1, Absent | 2, Present",Critical,Not critical critical,,,,
liver_histology_steatosis,Steatosis,"1, Mild (<33 % steatosis) | 2, Moderate (<33-66% steatosis) | 3, Marked (>66% steatosis)",Critical,Not critical critical,,,,
liver_histology_mallory,Mallory Bodies,"1, Present | 2, Absent",Critical,Not critical critical,,,,
liver_histology_bilirubinostasis,Bilirubinostasis,"1, None | 2, Hepato-canalicular | 3, Cholangiolar | 4, Both hepato-canalicular and cholangiolar",Critical,Not critical critical,,,,
liver_histology_ballooning,Ballooning (hepatocellular),"1, Occasional | 2, Marked",Critical,Not critical critical,,,,
liver_histology_megamitochondira,Megamitochondria,"1, Absent | 2, Present",Critical,Not critical critical,,,,
liver_histology_pmn,PMN (polymorphonuclear) infiltration ,"1, None | 2, Mild | 3, Severe",Critical,Not critical critical,,,,
liver_histology_inflammatory,Inflammatory cells other than PMN,"1, No inflammation | 2, Mild inflammation | 3, Severe inflammation",Critical,Not critical critical,,,,
liver_histology_krt7,KRT7,"1, Performed | 2, Not performed",Critical,Not critical critical,,,,
liver_histology_krt7_specify,Please specify KRT7 findings: ,,Critical,Not critical critical,,,,
liver_histology_other,Please specify other significant findings:,,Critical,Not critical critical,,,,
Concomitant Medications,,,,,,,,
cmnone,Check if subject has no concomitant medications as of the visit date.,"999, No concomitant medications",,,,,,
cm_version_q,Which version of the Concomitant Medication form do you need to enter?,"1, Version 2, Short Form | 2, Version 1, Long Form",,,,,,
cmnonedat,Visit Date,,,,,,,
cmtrt_multivit,Check if the medication is a <font color='red'><b>multivitamin</b></font>,"1, Multivitamin",,,,,,
cmtrt_multivit_name,Multivitamin Name:,,Critical,Not critical critical,,,,
cmtrt_label,Medication,,Critical,Not critical critical,,,,
cmtrt_code,Medication RxNorm Code,,Critical,Not critical critical,,,,
cmtrt,Medication,BIOPORTAL:RXNORM,Critical,Not critical critical,,,,
cmdose_unk,Check if dose is unknown or missing,"777, Unknown",,,,,,
cmdose,Dose,,,,,,,
cmdosu,Unit,"1, gm - Grams | 2, ml - Milliliters | 3, floz - Fluid ounces | 4, gtt - Drops | 5, U - Units | 6, meq - Milliequivalent | 7, mg - Milligrams | 8, mcg - Micrograms | 888, Other | 777, Unknown",,,,,,
cmdosuoth,Other Unit:,,,,,,,
cmdosfrq,Frequency:,"1, QD - Once daily | 2, QOD - Every other day | 3, BID - Twice daily | 4, WK  - weekly | 5, TID - 3x daily | 6, MON - Monthly | 7, QID - 4x daily | 8, PRN - As needed | 888, Other | 777, Unknown",,,,,,
cmdosfrq_oth,Other Frequency:,,,,,,,
obs_cmroute,Route of Administration:,"1, Oral | 2, IV",,,,,,
cmroute,Route of Administration:,"1, INH - Inhaled | 2, SL - Sublingual | 3, IM - Intramuscular | 4, TOP - Topical | 5, VAG - Vaginal | 6, NAS - Nasal | 7, R - Rectal | 8, OC - Ocular | 9, AU - Auricular | 10, SQ - Subcutaneous | 11, PO - Oral | 12, IV - Intravenous | 13, TD - Transdermal | 888, Other | 777, Unknown",,,,,,
cmrouteoth,Other route of Administration:,,,,,,,
cmindc_label,Indication:,,,,,,,
cmindc_code,Indication MedDRA code,,,,,,,
desc_cmindc,"Indication name: [cmindc_label] 
MedDRA code: [cmindc_code]

<span style=""font-weight: lighter; font-style:italic;size=5;"">Note: If an indication name update is required, contact the IU DCC data management team.</span>",,,,,,,
cmindc_unk,Check if indication is unknown,"777, Unknown",,,,,,
cmindc_sae,Check here if indication is for SAE or ESI,"1, Yes, this indication is for SAE or ESI",,,,,,
cmindc,Indication:,BIOPORTAL:MEDDRA,,,,,,
cmstdat_miss,Check if the entire start date is missing,"999, Missing",Critical,Not critical critical,,,,
cmstdat_m,Month,"1,1 | 2,2 | 3,3 | 4,4 | 5,5 | 6,6 | 7,7 | 8,8 | 9,9 | 10,10 | 11,11 | 12,12 | 13,Winter | 14,Spring | 15, Summer |16, Fall | 777, Unknown",Critical,Not critical critical,,,,
cmstdat_d,Day,"1,1 | 2,2 | 3,3 | 4,4 | 5,5 | 6,6 | 7,7 | 8,8 | 9,9 | 10,10 | 11,11 | 12,12 | 13,13 | 14,14 | 15,15 | 16,16 | 17,17 | 18,18 | 19,19 | 20,20 | 21,21 | 22,22 | 23,23 | 24,24 | 25,25 | 26,26 | 27,27 | 28,28 | 29,29 | 30,30 | 31,31 | 777, Unknown",Critical,Not critical critical,,,,
cmstdat_y,Year,,Critical,Not critical critical,,,,
cmongo,Medication ongoing?,"1, Ongoing| 0, Finished",Critical,Not critical critical,,,,
cmendat_miss,Check if the entire medication end date is missing,"999, Missing",Critical,Not critical critical,,,,
cmendat_m,Month,"1,1 | 2,2 | 3,3 | 4,4 | 5,5 | 6,6 | 7,7 | 8,8 | 9,9 | 10,10 | 11,11 | 12,12 | 13,Winter | 14,Spring | 15, Summer |16, Fall | 777, Unknown",Critical,Not critical critical,,,,
cmendat_d,Day,"1,1 | 2,2 | 3,3 | 4,4 | 5,5 | 6,6 | 7,7 | 8,8 | 9,9 | 10,10 | 11,11 | 12,12 | 13,13 | 14,14 | 15,15 | 16,16 | 17,17 | 18,18 | 19,19 | 20,20 | 21,21 | 22,22 | 23,23 | 24,24 | 25,25 | 26,26 | 27,27 | 28,28 | 29,29 | 30,30 | 31,31 | 777, Unknown",Critical,Not critical critical,,,,
cmendat_y,Year,,Critical,Not critical critical,,,,
conmeds_comments,Concomitant Medication comments:,,,,,,,
Protocol Deviations,,,,,,,,
subjdv_source,Method of data collection,"1, Paper CRF to be entered in REDCap | 2, Direct data entry into REDCap (No paper CRF)",,,,,,
discoverydat,Protocol deviation discovery date:,,,,,,,
subjdvdat_m,Month,"1,1 | 2,2 | 3,3 | 4,4 | 5,5 | 6,6 | 7,7 | 8,8 | 9,9 | 10,10 | 11,11 | 12,12 | 13,Winter | 14,Spring | 15, Summer |16, Fall | 777, Unknown",,,,,,
subjdvdat_d,Day,"1,1 | 2,2 | 3,3 | 4,4 | 5,5 | 6,6 | 7,7 | 8,8 | 9,9 | 10,10 | 11,11 | 12,12 | 13,13 | 14,14 | 15,15 | 16,16 | 17,17 | 18,18 | 19,19 | 20,20 | 21,21 | 22,22 | 23,23 | 24,24 | 25,25 | 26,26 | 27,27 | 28,28 | 29,29 | 30,30 | 31,31 | 777, Unknown",,,,,,
subjdvdat_y,Year,,,,,,,
subjdv_phys,Name of Treating Physician:,,,,,,,
subjdv_physdat,Date Reviewed by treating Physician,,,,,,,
subjdv_cat,Protocol deviation Category,"1,Concomitant Medications|2,Data Integrity Compromised|3,Eligibility Verification|4,Eligibility Waiver|5,Informed Consent|6,Study Procedures|7,Treatment|888,Other",,,,,,
subjdv_catoth,Please specify category:,,,,,,,
subjdv_desc,Description of Deviation (include site):,,,,,,,
subjdv_safety,Effect on Patient Safety:,,,,,,,
subjdv_pln,Action Taken:,,,,,,,
subjdv_risk,Did the deviation put participants or others at increased risk and/or negatively affect the primary study aims?,"1, Yes | 0, No",,,,,,
subjdv_irb,Report to IRB?,"1,Immediately|2,Next Continuing Review|3,Not Applicable",,,,,,
subjdv_irbdat,Date Reported to IRB:,,,,,,,
subjdv_sponsor,Report to sponsor?,"1,Yes|0,No",,,,,,
subjdv_sponsordat,Date Reported to sponsor:,,,,,,,
subjdv_sourcedat,Date of Entry,,,,,,,
subjdv_sourcesig,<font size='3' color='red'>Completed by Signature</font>,,,,,,,
Documentation of Hospitalization,,,,,,,,
hosp_source,Method of data collection,"1, Paper CRF to be entered in REDCap | 2, Direct data entry into REDCap (No paper CRF)",,,,,,
sitenotdat,Date site was notified of hospitalization:,,,,,,,
admdat,Date of admission:,,,,,,,
wardtyp1,Type of ward:,"1, General|2, ICU",,,,,,
wardyn1,Was there a change in the type of ward during the same hospitalization stay?,"1, Yes|0, No",,,,,,
wardtyp2,Type of ward:,"1, General|2, ICU",,,,,,
warddat1,Date of change of ward type,,,,,,,
wardyn2,Was there another change in the type of ward during the same hospitalization stay?,"1, Yes | 0, No",,,,,,
wardtyp3,Type of ward:,"1, General|2, ICU",,,,,,
warddat2,Date of change of ward type,,,,,,,
wardyn3,Was another there a change in the type of ward during the same hospitalization stay?,"1, Yes|0, No",,,,,,
wardtyp4,Type of ward:,"1, General|2, ICU",,,,,,
warddat3,Date of change of ward type,,,,,,,
disdat,Date of discharge:,,,,,,,
admrsn,Reason for Admission (Select all that apply):,"1, Ascites | 2, Mental Status Change (Hepatic Encephalopathy) | 3, Infection | 4, GI Bleeding (Variceal Bleed) | 888, Other",,,,,,
admrsnoth,Please specify:,,,,,,,
hosp_sourcedat,Date of Entry,,,,,,,
hosp_sourcesig,<font size='3' color='red'>Completed by Signature</font>,,,,,,,
Events of Special Interest,,,,,,,,
ae_source,Method of data collection,"1, Paper CRF to be entered in REDCap | 2, Direct data entry into REDCap (No paper CRF)",,,,,,
aeinitfu,Is this an initial AE/SAE or a follow-up AE/SAE report?,"1, Initial | 2, Follow-up",,,,,,
aeser,Serious AE?,"1,Yes|0,No",,,,,,
saerptdat,Reported Date,,,,,,,
saerepby,Reported By:,,,,,,,
aeterm,Adverse Event Description (MedDRA Name),BIOPORTAL:MEDDRA,,,,,,
sae_fuyn,"Is there a follow-up to this AE/SAE?""",,,,,,,
aestdat_m,Month of onset,"1,1 | 2,2 | 3,3 | 4,4 | 5,5 | 6,6 | 7,7 | 8,8 | 9,9 | 10,10 | 11,11 | 12,12 | 13,Winter | 14,Spring | 15, Summer |16, Fall | 777, Unknown",,,,,,
aestdat_d,Day of onset,"1,1 | 2,2 | 3,3 | 4,4 | 5,5 | 6,6 | 7,7 | 8,8 | 9,9 | 10,10 | 11,11 | 12,12 | 13,13 | 14,14 | 15,15 | 16,16 | 17,17 | 18,18 | 19,19 | 20,20 | 21,21 | 22,22 | 23,23 | 24,24 | 25,25 | 26,26 | 27,27 | 28,28 | 29,29 | 30,30 | 31,31 | 777, Unknown",,,,,,
aestdat_y,Year of onset,,,,,,,
aeongo,Event Ongoing or Finished,"1, Ongoing| 0, Finished",,,,,,
aeendat_m,Month of event end,"1,1 | 2,2 | 3,3 | 4,4 | 5,5 | 6,6 | 7,7 | 8,8 | 9,9 | 10,10 | 11,11 | 12,12 | 13,Winter | 14,Spring | 15, Summer |16, Fall | 777, Unknown",,,,,,
aeendat_d,Day of event end,"1,1 | 2,2 | 3,3 | 4,4 | 5,5 | 6,6 | 7,7 | 8,8 | 9,9 | 10,10 | 11,11 | 12,12 | 13,13 | 14,14 | 15,15 | 16,16 | 17,17 | 18,18 | 19,19 | 20,20 | 21,21 | 22,22 | 23,23 | 24,24 | 25,25 | 26,26 | 27,27 | 28,28 | 29,29 | 30,30 | 31,31 | 777, Unknown",,,,,,
aeendat_y,Year of event end,,,,,,,
saeclass,SAE Classifications,"1, Death|2, Life-threatening|3, Hospitalization - initial or prolonged|4, Required Intervention to Prevent Permanent Impairment/Damage (Devices)|5, Disability or Permanent Damage|6, Congenital Anomaly/Birth Defect|888, Other Serious (Important Medical Events)",,,,,,
saeunxyn,Was the SAE unexpected?,"1, Yes | 0, No",,,,,,
saenote1,Event Narrative,,,,,,,
saenote2,Treating Physician Comments,,,,,,,
saenote3,PI comments,,,,,,,
saecsnt,Consent Form Change Required,"1, Yes|0, No",,,,,,
aeout,Outcome:,"1, Fatal | 2, Not Recovered or Not Resolved | 3, Recovered/Resolved | 4, Recovered/Resolved with Sequelae | 5, Recovering/Resolving | 6, Unknown/Lost to follow up",,,,,,
saeage,Age at Time of Event,,,,,,,
aesex,Sex,"1, Male | 2, Female",,,,,,
aeacn,Action Taken with Study Drug/Procedure,"0,None|1,Treatment/Procedure stopped/suspended|3,Treatment/Procedure suspended and restarted|4,Dose adjusted",,,,,,
aetoxgr,Grade,"1,Mild|2,Moderate|3,Severe",,,,,,
aerel,Relationship to Investigational Product,"0, Not related | 1, Unlikely Related | 2, Possibly Related | 3, Probably Related | 4, Definitely Related",,,,,,
ae_last_dose,Last dose of study medication,,,,,,,
aetrt,"Treatment Required:
(Check all that apply)","1, None (for this AE) | 2, Drug therapy | 3, Non-drug therapy | 4, Hospitalization",,,,,,
ae_drugdisc,Was Study Intervention Discontinued Due to Event?,,,,,,,
saecmtx,Were any medications used to treat the adverse event?,"1, Yes | 0, No",,,,,,
ae_extra,"List any relevant tests, laboratory data, and history, including preexisting medical conditions, if applicable",,,,,,,
fup_1_date,AE/SAE follow-up date,,,,,,,
fup_1_aeout,Outcome,"1, Fatal | 2, Not Recovered or Not Resolved | 3, Recovered/Resolved | 4, Recovered/Resolved with Sequelae | 5, Recovering/Resolving | 6, Unknown/Lost to follow up",,,,,,
fup_1_severity,Severity,"1, Mild | 2, Moderate | 3, Severe",,,,,,
fup_1_doc,Upload follow up document,"1, fup_1_doc",,,,,,
fup_1_aeendat_m,Month of event end,"1, 1 | 2, 2 | 3, 3 | 4, 4 | 5, 5 | 6, 6 | 7, 7 | 8, 8 | 9, 9 | 10, 10 | 11, 11 | 12, 12 | 13, Winter | 14, Spring | 15, Summer | 16, Fall | 777, Unknown",,,,,,
fup_1_aeendat_d,Day of event end,"1, 1 | 2, 2 | 3, 3 | 4, 4 | 5, 5 | 6, 6 | 7, 7 | 8, 8 | 9, 9 | 10, 10 | 11, 11 | 12, 12 | 13, 13 | 14, 14 | 15, 15 | 16, 16 | 17, 17 | 18, 18 | 19, 19 | 20, 20 | 21, 21 | 22, 22 | 23, 23 | 24, 24 | 25, 25 | 26, 26 | 27, 27 | 28, 28 | 29, 29 | 30, 30 | 31, 31 | 777, Unknown",,,,,,
fup_1_aeendat_y,Year of event end,,,,,,,
fup_2_date,AE/SAE follow-up date,,,,,,,
fup_2_aeout,Outcome,"1, Fatal | 2, Not Recovered or Not Resolved | 3, Recovered/Resolved | 4, Recovered/Resolved with Sequelae | 5, Recovering/Resolving | 6, Unknown/Lost to follow up",,,,,,
fup_2_severity,Severity,"1, Mild | 2, Moderate | 3, Severe",,,,,,
fup_2_doc,Upload follow up document,,,,,,,
fup_2_aeendat_m,Month of event end,"1, 1 | 2, 2 | 3, 3 | 4, 4 | 5, 5 | 6, 6 | 7, 7 | 8, 8 | 9, 9 | 10, 10 | 11, 11 | 12, 12 | 13, Winter | 14, Spring | 15, Summer | 16, Fall | 777, Unknown",,,,,,
fup_2_aeendat_d,Day of event end,"1, 1 | 2, 2 | 3, 3 | 4, 4 | 5, 5 | 6, 6 | 7, 7 | 8, 8 | 9, 9 | 10, 10 | 11, 11 | 12, 12 | 13, 13 | 14, 14 | 15, 15 | 16, 16 | 17, 17 | 18, 18 | 19, 19 | 20, 20 | 21, 21 | 22, 22 | 23, 23 | 24, 24 | 25, 25 | 26, 26 | 27, 27 | 28, 28 | 29, 29 | 30, 30 | 31, 31 | 777, Unknown",,,,,,
fup_2_aeendat_y,Year of event end,,,,,,,
fup_3_date,AE/SAE follow-up date,,,,,,,
fup_3_aeout,Outcome,"1, Fatal | 2, Not Recovered or Not Resolved | 3, Recovered/Resolved | 4, Recovered/Resolved with Sequelae | 5, Recovering/Resolving | 6, Unknown/Lost to follow up",,,,,,
fup_3_severity,Severity,"1, Mild | 2, Moderate | 3, Severe",,,,,,
fup_3_doc,Upload follow up document,,,,,,,
fup_3_aeendat_d,Day of event end,"1, 1 | 2, 2 | 3, 3 | 4, 4 | 5, 5 | 6, 6 | 7, 7 | 8, 8 | 9, 9 | 10, 10 | 11, 11 | 12, 12 | 13, 13 | 14, 14 | 15, 15 | 16, 16 | 17, 17 | 18, 18 | 19, 19 | 20, 20 | 21, 21 | 22, 22 | 23, 23 | 24, 24 | 25, 25 | 26, 26 | 27, 27 | 28, 28 | 29, 29 | 30, 30 | 31, 31 | 777, Unknown",,,,,,
fup_3_aeendat_m,Month of event end,"1, 1 | 2, 2 | 3, 3 | 4, 4 | 5, 5 | 6, 6 | 7, 7 | 8, 8 | 9, 9 | 10, 10 | 11, 11 | 12, 12 | 13, Winter | 14, Spring | 15, Summer | 16, Fall | 777, Unknown",,,,,,
fup_3_aeendat_y,Year of event end,,,,,,,
ae_sourcedat,Date of Signature,,,,,,,
ae_sourcesig,<font size='3' color='red'>Completed by Signature</font>,,,,,,,
ae_sourcedat_phys,Date of Investigator's Signature,,,,,,,
ae_sourcesig_phys,<font size='3' color='red'>Investigator's Signature</font>,,,,,,,
aedthdtc,Date of Death,,,,,,,
aedthoth,"Was their death due to this event, or another event?","1, Death was due to this event | 2, Death was due to another event",,,,,,
